send_time, time_process, image_count, time_received
1733405417.7391822,1733405418.0721831
1733405422.0248058,1733405422.87114
1733405423.9226537,1733405423.9760928
1733405424.3605416,1733405424.409025
1733405424.5000968,1733405424.551213
1733405424.5740807,1733405424.62582
1733405424.6107435,1733405424.693613
1733405424.6480751733405424.6819134,1733405424.759427
1733405424.7117743,1733405424.7657442
