send_time, time_process, image_count, time_received
1733404448.759906,69.62856674194336,0,,1733404449.445073
1733404453.375777,2.1195666790008545,1,,1733404453.744009
1733404454.0603888,0.016269207000732422,2,,1733404454.140566
1733404454.17497,0.018023252487182617,3,,1733404454.21255
1733404454.2310498,0.02060842514038086,4,,1733404454.280341
1733404454.271844,0.017794132232666016,5,,1733404454.344384
1733404454.319714,0.021328210830688477,6,1733404454.3703358,0.019488811492919922,7,,1733404454.414219
1733404454.4218783,0.014942646026611328,8,,1733404454.4895208
1733404454.4738953,0.020076513290405273,9,EXIT,1733404454.510499
