send_time, time_process, image_count, time_received
1733403900.9864788,71.68193626403809,0,,1733403901.832094
1733403905.811799,3.274327278137207,1,,1733403906.3607721
1733403907.0033224,0.06246662139892578,2,,1733403907.036545
1733403907.2062979,0.022304773330688477,3,,1733403907.240296
1733403907.2435236,0.017128944396972656,4,,1733403907.306634x
1733403907.2825165,0.01715850830078125,5,1733403907.3133698,0.015237092971801758,6,,1733403907.373308
1733403907.3453107,0.015547752380371094,7,1733403907.3756456,0.014142036437988281,8,,1733403907.433332
1733403907.4088607,0.01557612419128418,9,EXIT,1733403907.443966
