send_time, time_process
1733406838.0510933,1733406838.2461498
1733406842.5566313,1733406842.919256
1733406844.3713403,1733406844.657954
1733406845.5186586,1733406845.513941
1733406846.3106601,1733406846.501756
1733406846.40266131733406846.45011831733406846.50039671733406846.5494175,1733406846.566396
1733406846.5935264,1733406846.594783
