send_time                           ,time_process      ,image_count ,time_received
1733404870.6625385                  ,1733404870.956129
1733404875.8316429                  ,1733404875.912302
1733404876.0988684                  ,1733404876.469653
1733404877.0185843                  ,1733404877.073227
1733404877.3681824                  ,1733404877.544447
1733404877.5006576,1733404877.551853 ,1733404877.610954
1733404877.5921676                  ,1733404877.67213
1733404877.6711528                  ,1733404877.751164
1733404877.7383723,EXIT              ,1733404877.789222
