send_time                           ,time_process       ,image_count ,time_received
1733405704.6068554                  ,1733405705.9242089
1733405710.7012386                  ,1733405710.8386
1733405710.9249892                  ,1733405710.984873
1733405710.9766085                  ,1733405711.063264
1733405711.0182981733405711.0488122 ,1733405711.135641
1733405711.08050941733405711.110168 ,1733405711.225622
1733405711.2293537                  ,1733405711.302645
1733405711.2603846                  ,1733405711.3194969
