send_time, time_process, image_count, time_received
1733404173.676447,71.54809403419495,0,,1733404174.489344
1733404177.731509,2.6407127380371094,1,,1733404178.581273
1733404179.112426,0.14411115646362305,2,,1733404179.379526
1733404179.802647,0.01831221580505371,3,,1733404179.831203
1733404179.9215965,0.02130126953125,4,,1733404179.95213
1733404179.9806275,0.024088382720947266,5,,1733404180.016501
1733404180.0305603,0.019610166549682617,6,,1733404180.081246
1733404180.068375,0.014775991439819336,7,1733404180.1043053,0.014851093292236328,8,,1733404180.144767
1733404180.1367855,0.014346599578857422,9,EXIT,1733404180.1687129
