Pruning Ratio, Accuracy, Compute Time, Model Size
(10, 49.8, 0.03703784942626953, 446.40148544311523)
